{
  "id": "base1-4",
  "name": "Charizard",
  "set_name": "Base Set",
  "num": "4",
  "image_url": "https://images.pokemontcg.io/base1/4_hires.png",
  "rarity": "Rare Holo",
  "pricing": {
    "tcgplayer": {
      "value": 350.75,
      "currency": "USD",
      "last_updated": "2025-03-10T12:30:45Z"
    },
    "cardmarket": {
      "value": 295.20,
      "currency": "EUR",
      "last_updated": "2025-03-10T10:15:22Z"
    },
    "ebay": {
      "value": 375.50,
      "currency": "USD",
      "last_updated": "2025-03-09T23:45:11Z"
    }
  }
}