[
  {
    "id": "base1-4",
    "name": "Charizard",
    "set_name": "Base Set",
    "set_code": "BS",
    "num": "4",
    "image_url": "https://images.pokemontcg.io/base1/4_hires.png",
    "rarity": "Rare Holo"
  },
  {
    "id": "base1-4a",
    "name": "Charizard",
    "set_name": "Base Set",
    "set_code": "BS",
    "num": "4",
    "image_url": "https://images.pokemontcg.io/base1/4_hires.png",
    "rarity": "Rare Holo",
    "variant": "First Edition"
  },
  {
    "id": "base1-4s",
    "name": "Charizard",
    "set_name": "Base Set",
    "set_code": "BS",
    "num": "4",
    "image_url": "https://images.pokemontcg.io/base1/4_hires.png",
    "rarity": "Rare Holo",
    "variant": "Shadowless"
  },
  {
    "id": "sm10-5",
    "name": "Charizard",
    "set_name": "Unbroken Bonds",
    "set_code": "UNB",
    "num": "5",
    "image_url": "https://images.pokemontcg.io/sm10/5_hires.png",
    "rarity": "Rare"
  },
  {
    "id": "swsh3-12",
    "name": "Charizard",
    "set_name": "Darkness Ablaze",
    "set_code": "DAA",
    "num": "12",
    "image_url": "https://images.pokemontcg.io/swsh3/12_hires.png",
    "rarity": "Rare"
  },
  {
    "id": "swsh3-12a",
    "name": "Charizard",
    "set_name": "Darkness Ablaze",
    "set_code": "DAA",
    "num": "12",
    "image_url": "https://images.pokemontcg.io/swsh3/12_hires.png",
    "rarity": "Rare Holo"
  },
  {
    "id": "swsh3-12v",
    "name": "Charizard V",
    "set_name": "Darkness Ablaze",
    "set_code": "DAA",
    "num": "19",
    "image_url": "https://images.pokemontcg.io/swsh3/19_hires.png",
    "rarity": "Ultra Rare"
  },
  {
    "id": "swsh3-12vmax",
    "name": "Charizard VMAX",
    "set_name": "Darkness Ablaze",
    "set_code": "DAA",
    "num": "20",
    "image_url": "https://images.pokemontcg.io/swsh3/20_hires.png",
    "rarity": "Hyper Rare"
  }
]